{"cameraMode":{"drawMode":0,"name":"Shaded","section":"Shading Mode"},"sceneLighting":false,"audioPlay":false,"sceneViewState":{"showFog":true,"showMaterialUpdate":false,"showSkybox":false,"showFlares":true,"showImageEffects":true,"showParticleSystems":true},"in2DMode":false,"pivot":{"x":-6.731679439544678,"y":1.1152361631393433,"z":1.8710017204284669},"rotation":{"x":0.026838354766368867,"y":-0.8390906453132629,"z":0.04156875237822533,"w":0.5417402982711792},"size":11.741388320922852,"orthographic":false}