{"cameraMode":{"drawMode":0,"name":"Shaded","section":"Shading Mode"},"sceneLighting":false,"audioPlay":false,"sceneViewState":{"showFog":true,"showMaterialUpdate":false,"showSkybox":false,"showFlares":true,"showImageEffects":true,"showParticleSystems":true},"in2DMode":false,"pivot":{"x":1.2960205078125,"y":3.232177734375,"z":-5.51171875},"rotation":{"x":0.001432702294550836,"y":-0.9965673089027405,"z":-0.08089898526668549,"w":-0.017644986510276796},"size":5.4916534423828129,"orthographic":true}