{"cameraMode":{"drawMode":0,"name":"Shaded","section":"Shading Mode"},"sceneLighting":false,"audioPlay":false,"sceneViewState":{"showFog":false,"showMaterialUpdate":false,"showSkybox":false,"showFlares":false,"showImageEffects":false,"showParticleSystems":false},"in2DMode":false,"pivot":{"x":-0.000048160552978515625,"y":5.881978511810303,"z":-1.6115615367889405},"rotation":{"x":0.14823484420776368,"y":-0.18572621047496797,"z":0.028352662920951844,"w":0.9709482789039612},"size":22.9500789642334,"orthographic":false}