{"cameraMode":{"drawMode":0,"name":"Shaded","section":"Shading Mode"},"sceneLighting":false,"audioPlay":false,"sceneViewState":{"showFog":true,"showMaterialUpdate":false,"showSkybox":false,"showFlares":true,"showImageEffects":true,"showParticleSystems":true},"in2DMode":false,"pivot":{"x":0.30114996433258059,"y":0.6133314371109009,"z":0.6653127670288086},"rotation":{"x":0.03601302206516266,"y":-0.8723695874214172,"z":0.06502247601747513,"w":0.4831642210483551},"size":5.93936014175415,"orthographic":true}