{"cameraMode":{"drawMode":0,"name":"Shaded","section":"Shading Mode"},"sceneLighting":false,"audioPlay":false,"sceneViewState":{"showFog":false,"showMaterialUpdate":false,"showSkybox":false,"showFlares":false,"showImageEffects":false,"showParticleSystems":false},"in2DMode":false,"pivot":{"x":-0.2656388282775879,"y":3.4992785453796388,"z":-0.2656393051147461},"rotation":{"x":0.05259338766336441,"y":-0.6960479617118836,"z":0.05124957486987114,"w":0.7142387628555298},"size":20.99315643310547,"orthographic":false}