{"cameraMode":{"drawMode":0,"name":"Shaded","section":"Shading Mode"},"sceneLighting":false,"audioPlay":false,"sceneViewState":{"showFog":false,"showMaterialUpdate":false,"showSkybox":false,"showFlares":false,"showImageEffects":false,"showParticleSystems":false},"in2DMode":false,"pivot":{"x":0.636627197265625,"y":1.49200439453125,"z":-3.7509765625},"rotation":{"x":-0.000263251771684736,"y":0.9997191429138184,"z":-0.01949700340628624,"w":-0.01349686924368143},"size":6.317251682281494,"orthographic":true}