{"cameraMode":{"drawMode":0,"name":"Shaded","section":"Shading Mode"},"sceneLighting":false,"audioPlay":false,"sceneViewState":{"showFog":false,"showMaterialUpdate":false,"showSkybox":false,"showFlares":false,"showImageEffects":false,"showParticleSystems":false},"in2DMode":false,"pivot":{"x":0.21041709184646607,"y":3.5758211612701418,"z":0.0},"rotation":{"x":-0.058850210160017017,"y":0.8677616119384766,"z":-0.10595494508743286,"w":-0.4819779098033905},"size":7.440662860870361,"orthographic":true}