{"cameraMode":{"drawMode":0,"name":"Shaded","section":"Shading Mode"},"sceneLighting":false,"audioPlay":false,"sceneViewState":{"showFog":false,"showMaterialUpdate":false,"showSkybox":false,"showFlares":false,"showImageEffects":false,"showParticleSystems":false},"in2DMode":false,"pivot":{"x":0.0,"y":0.4554626941680908,"z":0.015108883380889893},"rotation":{"x":-0.044998012483119968,"y":0.8446422219276428,"z":-0.0718730017542839,"w":-0.5286084413528442},"size":2.3574087619781496,"orthographic":false}