{"cameraMode":{"drawMode":0,"name":"Shaded","section":"Shading Mode"},"sceneLighting":false,"audioPlay":false,"sceneViewState":{"showFog":true,"showMaterialUpdate":false,"showSkybox":false,"showFlares":true,"showImageEffects":true,"showParticleSystems":true},"in2DMode":false,"pivot":{"x":-0.04052734375,"y":0.7184829711914063,"z":4.0174560546875},"rotation":{"x":0.08876398950815201,"y":-0.6162199378013611,"z":0.0701790302991867,"w":0.779405951499939},"size":3.2372000217437746,"orthographic":true}