{"cameraMode":{"drawMode":0,"name":"Shaded","section":"Shading Mode"},"sceneLighting":false,"audioPlay":false,"sceneViewState":{"showFog":false,"showMaterialUpdate":false,"showSkybox":false,"showFlares":false,"showImageEffects":false,"showParticleSystems":false},"in2DMode":false,"pivot":{"x":-0.2656393051147461,"y":2.0923397541046144,"z":-0.24267101287841798},"rotation":{"x":-0.005533241201192141,"y":-0.8874939680099487,"z":-0.01064794696867466,"w":0.46068182587623598},"size":22.439071655273439,"orthographic":false}