{"cameraMode":{"drawMode":0,"name":"Shaded","section":"Shading Mode"},"sceneLighting":false,"audioPlay":false,"sceneViewState":{"showFog":false,"showMaterialUpdate":false,"showSkybox":false,"showFlares":false,"showImageEffects":false,"showParticleSystems":false},"in2DMode":false,"pivot":{"x":-9.102375984191895,"y":3.6418466567993166,"z":-6.524764060974121},"rotation":{"x":0.10304742306470871,"y":-0.5053233504295349,"z":0.060929473489522937,"w":0.8545929789543152},"size":18.24566078186035,"orthographic":false}