{"cameraMode":{"drawMode":0,"name":"Shaded","section":"Shading Mode"},"sceneLighting":false,"audioPlay":false,"sceneViewState":{"showFog":false,"showMaterialUpdate":false,"showSkybox":false,"showFlares":false,"showImageEffects":false,"showParticleSystems":false},"in2DMode":false,"pivot":{"x":-0.2836427688598633,"y":3.3435142040252687,"z":0.38709568977355959},"rotation":{"x":0.15770581364631654,"y":0.020426101982593538,"z":-0.003260407829657197,"w":0.9872864484786987},"size":18.139204025268556,"orthographic":false}